Resolution,Similarity,Time
1,1,3.5445899963378906
2,0.44992423094408246,1.8572065830230713
5,0.07315761758266123,2.022132635116577
10,0.2932172135700162,2.4905407428741455
1,1,4.023818016052246
2,0.8535967534925234,2.356281280517578
5,0.6178149687582934,1.8828065395355225
10,0.30666676857826236,2.1173298358917236
1,1,3.674644708633423
2,0.7014219733016261,2.2094836235046387
5,0.3679300474731416,1.9904499053955078
10,0.19883890672718027,2.225343942642212
1,1,3.938188076019287
2,0.24995790608004578,2.3949086666107178
5,2.8962447098923637e-4,2.0020911693573
10,1.608395102766195e-4,2.194847345352173
1,1,4.17995285987854
2,0.24995790608004578,2.5510377883911133
5,0.03996817699651462,2.326406717300415
10,0.00997204963715041,2.313774585723877
1,1,4.231964826583862
2,0.7713258361770454,2.674668550491333
5,0.4974067110870295,2.349600315093994
10,0.3323659194384882,2.350801944732666
1,1,4.235365629196167
2,0.24995790608004578,2.593623161315918
5,0.03996817699651462,2.3966572284698486
10,0.00997204963715041,2.3743953704833984
1,1,4.251641750335693
2,0.72438546530386,2.648578405380249
5,0.48125398960958155,2.467350482940674
10,0.036351560716805835,2.510073184967041
1,1,3.991438388824463
2,0.24995790608004578,2.5845794677734375
5,0.03996817699651462,2.3640847206115723
10,0.00997204963715041,2.34527850151062
1,1,3.8555917739868164
2,0.24995790608004578,2.495021343231201
5,0.03996817699651462,2.208817958831787
10,0.00997204963715041,2.204812526702881
1,1,3.6817924976348877
2,0.8656755642060633,2.051649808883667
5,0.5898529347066271,1.710359811782837
10,0.3482605121371231,2.122338056564331
1,1,3.991278648376465
2,0.7335622657587809,2.6828508377075195
5,0.35717651457602856,2.473506212234497
10,0.19529937535338524,2.4682111740112305
1,1,3.957019090652466
2,0.24995790608004578,2.703392505645752
5,0.03996817699651462,2.5034079551696777
10,0.00997204963715041,2.4746482372283936
1,1,3.8263823986053467
2,0.24995790608004578,2.7139439582824707
5,2.1147183596039482e-4,2.483381509780884
10,7.612251631412527e-5,2.378815174102783
1,1,3.7519524097442627
2,0.6740785074276426,2.6670401096343994
5,0.4034230272339561,2.542116641998291
10,0.3006678271910148,2.328834295272827
1,1,3.8874049186706543
2,0.24995790608004578,2.703749895095825
5,0.03996817699651462,2.5069689750671387
10,0.00997204963715041,2.5264034271240234
1,1,3.3647162914276123
2,8.92706807428735e-4,2.6674389839172363
5,2.4223137573645227e-4,2.4957027435302734
10,6.830170984349595e-5,2.2536685466766357
1,1,3.45406174659729
2,0.6068206196202871,2.5357723236083984
5,0.2969500065495286,2.103569269180298
10,0.17581691135022154,1.8718175888061523
1,1,3.7606723308563232
2,0.8531025018151247,2.660168170928955
5,0.4291618437781783,2.4246771335601807
10,0.22267969248740002,2.5025453567504883
1,1,3.412008285522461
2,0.24995790608004578,2.361746311187744
5,0.03996817699651462,2.1689493656158447
10,0.00997204963715041,1.9303326606750488
1,1,3.5627548694610596
2,0.24995790608004578,2.424424409866333
5,0.03996817699651462,2.4571523666381836
10,0.00997204963715041,2.3939859867095947
1,1,3.546921491622925
2,0.6938510552836246,2.3471875190734863
5,0.004988019380635994,2.342747449874878
10,0.019992082743410196,2.4481186866760254
1,1,3.5183069705963135
2,0.24995790608004578,2.3865034580230713
5,0.03996817699651462,2.4289159774780273
10,0.00997204963715041,2.4737563133239746
1,1,3.2302563190460205
2,0.7874182263126694,2.2966926097869873
5,0.5895382207856045,2.3703229427337646
10,0.4835124453715465,2.4194467067718506
1,1,3.2936899662017822
2,0.24995790608004578,2.463491678237915
5,0.03996817699651462,2.2587242126464844
10,0.00997204963715041,2.358651876449585
1,1,3.275815486907959
2,0.7243627193040617,2.6384520530700684
5,0.4137190415122892,2.473032236099243
10,0.27636935539340113,2.4234063625335693
1,1,3.27681040763855
2,0.515223311834761,2.318168878555298
5,0.10238476168953023,2.18800950050354
10,0.03771353405075049,2.2642505168914795
1,1,3.4916393756866455
2,0.6310524873389477,2.6683266162872314
5,0.2098518894674686,2.385497808456421
10,0.08386827156837443,2.3396029472351074
1,1,3.3715858459472656
2,0.8450654039254223,2.5786476135253906
5,0.7048265263347386,2.3586583137512207
10,0.6184533708935835,2.3469228744506836
1,1,3.3533995151519775
2,8.507757184480796e-5,2.48441743850708
5,4.964990931244053e-5,2.2384541034698486
10,2.3686578710571045e-5,2.287437677383423
1,1,3.423705577850342
2,0.7844068125665886,2.365381956100464
5,0.478259728400124,2.4095423221588135
10,0.270071427155251,2.336618423461914
1,1,3.518656015396118
2,0.7799887727624862,2.159050464630127
5,0.5311268348287665,2.0143730640411377
10,0.30063422185898775,2.285592555999756
1,1,3.2112433910369873
2,0.7385804393509787,2.699730634689331
5,0.3240395176328996,2.4007270336151123
10,0.1569397972306613,2.409722328186035
1,1,3.3730528354644775
2,0.8328990509552332,2.449646234512329
5,0.0037845870841431164,2.0065648555755615
10,0.015168701715465973,2.0617172718048096
1,1,3.2302446365356445
2,0.24995790608004578,2.7439987659454346
5,0.03996817699651462,2.4240920543670654
10,0.00997204963715041,2.4479315280914307
1,1,3.452873706817627
2,0.24995790608004578,2.63657283782959
5,0.03996817699651462,2.4838104248046875
10,0.00997204963715041,2.461358070373535
1,1,3.1053483486175537
2,0.6863264020129544,2.067862033843994
5,0.3597942552834581,2.048520088195801
10,0.19049390752252424,2.1471047401428223
1,1,2.6986823081970215
2,0.6024573985416255,2.2924139499664307
5,0.2791739606168494,2.072406768798828
10,0.16358267115233643,2.150221586227417
1,1,3.042128562927246
2,0.8112069315449849,2.341500997543335
5,0.47657968585428767,2.33909273147583
10,0.30820731539126767,2.393949031829834
1,1,3.37215518951416
2,0.24995790608004578,2.2123074531555176
5,0.03996817699651462,2.063922882080078
10,0.00997204963715041,2.1085448265075684
1,1,3.479918956756592
2,0.8422198049905463,2.483778476715088
5,0.019631007158232554,2.408557891845703
10,0.07872547916640112,2.440979480743408
1,1,3.420203447341919
2,0.9361652683421791,2.4641923904418945
5,0.6974446885891801,2.3744819164276123
10,0.326272999065515,2.436068058013916
1,1,3.131840467453003
2,0.24995790608004578,2.11757493019104
5,0.03996817699651462,2.071721076965332
10,0.00997204963715041,2.0288095474243164
1,1,3.4928438663482666
2,0.7446986063130143,2.3637421131134033
5,0.4390397457861415,2.372103691101074
10,0.25175051627823575,2.5226829051971436
1,1,3.3496499061584473
2,0.24995790608004578,2.4524166584014893
5,0.03996817699651462,2.050664186477661
10,0.00997204963715041,2.2317111492156982
1,1,3.2483043670654297
2,0.25002175668292775,2.58097767829895
5,0.039898130375713735,2.385038375854492
10,0.009937969279563705,2.4214377403259277
1,1,3.3950154781341553
2,0.24995790608004578,2.396339178085327
5,0.03996817699651462,2.2343525886535645
10,0.00997204963715041,2.2661776542663574
1,1,3.2891173362731934
2,0.8325837383507192,2.5095906257629395
5,0.4987809485455455,2.3321025371551514
10,0.055038576861111715,2.331233501434326
1,1,3.3430323600769043
2,0.7101031683467331,2.495034694671631
5,0.4125039307935079,2.299764394760132
10,0.2023306207628643,2.3402438163757324
1,1,3.3510773181915283
2,0.7754654814152332,2.430939197540283
5,0.4604667058140123,2.3599133491516113
10,0.1470544919825114,2.289980411529541
1,1,3.610180139541626
2,0.6726885379414836,2.498446464538574
5,0.39468796402664924,2.4244656562805176
10,0.2705050101612876,2.3511409759521484
1,1,3.2456588745117188
2,0.8514541964916066,2.470381498336792
5,0.7372097257138781,2.353788137435913
10,0.708397556764079,2.439579486846924
1,1,3.237213373184204
2,0.24995790608004578,2.542456865310669
5,0.03996817699651462,2.362879514694214
10,0.00997204963715041,2.3045358657836914
1,1,2.9127299785614014
2,0.24995790608004578,2.266277551651001
5,0.03996817699651462,2.3253366947174072
10,0.00997204963715041,2.4043993949890137
1,1,3.315706729888916
2,0.7184743619377335,2.5607821941375732
5,0.28418051271250655,2.117422103881836
10,0.14940267224230705,1.996267318725586
1,1,3.2373054027557373
2,0.677453654825331,2.3527956008911133
5,0.4046982956004817,2.3113925457000732
10,0.22400794659113218,2.448570728302002
1,1,3.1456103324890137
2,0.7190272988206386,2.106513738632202
5,0.4904336527106392,1.9353203773498535
10,0.37457585734778925,1.9858386516571045
1,1,3.4045517444610596
2,0.0027426852663967874,2.4901297092437744
5,0.017179484215909993,2.386014938354492
10,0.0689274914457346,2.3634696006774902
1,1,3.3596808910369873
2,0.24995790608004578,2.46040940284729
5,0.03996817699651462,2.2340497970581055
10,0.00997204963715041,2.295419692993164
1,1,2.953355073928833
2,0.6872772025345829,2.0757834911346436
5,0.33207514345137307,1.9528226852416992
10,0.1557114209878778,2.13592791557312
1,1,3.6009469032287598
2,0.5353388151752562,2.5291826725006104
5,0.25019673031523776,2.342026948928833
10,0.18027165813633841,2.393857955932617
1,1,3.6743078231811523
2,0.6147326415912777,2.596174955368042
5,0.3033539725971419,2.3416600227355957
10,0.1485908719829802,2.3799595832824707
1,1,3.4189159870147705
2,0.24995790608004578,2.3649253845214844
5,0.03996817699651462,2.3311572074890137
10,0.00997204963715041,2.3163211345672607
1,1,3.5910191535949707
2,0.6399497392823079,2.5236544609069824
5,0.3355749710570561,2.353794574737549
10,0.22965475555131032,2.394181489944458
1,1,3.4353392124176025
2,0.7229154344535306,2.4075369834899902
5,0.49922878547572647,2.3493309020996094
10,0.41224842214285334,2.4185190200805664
1,1,3.2960195541381836
2,0.24995790608004578,2.4723052978515625
5,0.03996817699651462,2.393806219100952
10,0.00997204963715041,2.2528300285339355
1,1,3.281245470046997
2,0.8304016656477207,2.4406213760375977
5,0.5708136292609113,2.2660984992980957
10,0.3950485091179661,2.3204233646392822
1,1,3.3464207649230957
2,0.24995790608004578,2.5228002071380615
5,3.8804055336421966e-4,2.4029436111450195
10,0.00997204963715041,2.46039080619812
1,1,3.3960442543029785
2,0.7599718878927533,2.552572727203369
5,0.5268310218828743,2.374966859817505
10,0.3977378939288304,2.3991854190826416
1,1,2.9771811962127686
2,0.24995790608004578,2.114143133163452
5,0.03996817699651462,1.9990973472595215
10,0.00997204963715041,2.370563268661499
1,1,3.4069128036499023
2,0.6293332700744331,2.2626922130584717
5,0.24809739361430969,2.3358418941497803
10,0.03722356608795306,2.2881977558135986
1,1,3.4921059608459473
2,0.5920364324213706,2.5834743976593018
5,0.3548556987926373,2.188220262527466
10,0.30567595717747253,2.031317710876465
1,1,3.301543712615967
2,0.6378454065008076,2.513538360595703
5,0.23784598845273633,2.4124021530151367
10,0.1279887218259686,2.5111470222473145
1,1,2.8250763416290283
2,0.7734763958664934,2.3079564571380615
5,0.38114304729413157,1.9507231712341309
10,0.18823938119115466,1.9848456382751465
1,1,2.8786942958831787
2,0.24995790608004578,2.1360557079315186
5,0.03996817699651462,2.0243194103240967
10,0.00997204963715041,2.0777015686035156
1,1,3.2633209228515625
2,0.6916760265892947,2.539815664291382
5,0.5336791263696461,2.3594233989715576
10,0.4994542337976187,2.011831045150757
1,1,3.519963026046753
2,0.24995790608004578,2.428300380706787
5,0.03996817699651462,2.242030620574951
10,0.00997204963715041,2.3159704208374023
1,1,3.496600389480591
2,0.24995790608004578,2.204958200454712
5,0.03996817699651462,2.0267539024353027
10,0.00997204963715041,2.0039002895355225
1,1,3.363361120223999
2,0.5501298606796685,2.4677071571350098
5,0.0036135045079824005,2.351456642150879
10,0.06519968997887578,2.3856866359710693
1,1,3.2438251972198486
2,0.7544685326901384,2.2168314456939697
5,0.004353559285413284,2.236938238143921
10,0.017449153826508707,2.315877914428711
1,1,3.42679500579834
2,0.7743006622077993,2.4848244190216064
5,0.4128855427229234,2.3810601234436035
10,0.04333633839280274,2.367727518081665
1,1,3.4061312675476074
2,0.24995790608004578,2.487576484680176
5,0.03996817699651462,2.3677866458892822
10,0.00997204963715041,2.393709659576416
1,1,3.391732692718506
2,0.24995790608004578,2.5786845684051514
5,0.03996817699651462,2.4222068786621094
10,0.00997204963715041,2.3311562538146973
1,1,3.0689473152160645
2,0.8319903398769996,2.4841396808624268
5,0.5658984713954923,2.392660140991211
10,0.38835088611447777,2.4093177318573
1,1,3.325002670288086
2,0.24995790608004578,2.478980302810669
5,0.03996817699651462,2.4007210731506348
10,0.00997204963715041,2.3637187480926514
1,1,3.3489530086517334
2,0.7949134942375482,2.541957378387451
5,0.5997283130181219,2.4182260036468506
10,0.4698971589177085,2.319568395614624
1,1,3.402531147003174
2,0.724446138542935,2.38226056098938
5,0.41195868440093575,2.39798903465271
10,0.16278697245510398,2.3762009143829346
1,1,3.3488171100616455
2,0.24995790608004578,2.2945568561553955
5,0.03996817699651462,2.1603314876556396
10,0.00997204963715041,2.0390212535858154
1,1,3.413817882537842
2,0.24995790608004578,2.485447883605957
5,0.03996817699651462,2.3535165786743164
10,0.00997204963715041,2.2771999835968018
1,1,3.6158268451690674
2,0.24995790608004578,2.579807996749878
5,0.03996817699651462,2.4031498432159424
10,0.00997204963715041,2.3512446880340576
1,1,3.4884562492370605
2,0.2499477862997677,2.495739459991455
5,0.03989983537957485,2.348055839538574
10,0.009939346423709625,2.2982516288757324
1,1,2.810856580734253
2,0.2498233727252382,2.170729875564575
5,5.5911220632320635e-5,2.0089735984802246
10,2.105740083764635e-5,2.0917725563049316
1,1,3.39026141166687
2,0.24995790608004578,2.567133903503418
5,0.03996817699651462,2.2682623863220215
10,0.00997204963715041,2.3300023078918457
1,1,2.974377393722534
2,0.24995790608004578,2.133469343185425
5,0.03996817699651462,1.9482293128967285
10,0.00997204963715041,2.3265602588653564
1,1,2.928694725036621
2,0.006231578841339319,2.177661180496216
5,0.03897181497394103,2.17039155960083
10,0.15619982405131705,1.97548246383667
1,1,3.097722053527832
2,0.7279475861278527,2.630305767059326
5,0.2369541921936224,2.4057981967926025
10,0.3020490573522456,2.2890195846557617
1,1,3.541769027709961
2,0.0027773100675560643,2.5009260177612305
5,6.055784393411306e-4,2.1151421070098877
10,0.00997204963715041,2.0229880809783936
1,1,3.392565965652466
2,0.6500445339843491,2.534451961517334
5,0.3130711784527918,2.1135756969451904
10,0.16322585932731495,2.298186779022217
1,1,3.084543466567993
2,0.24976937554947437,2.404632091522217
5,0.03981444792530863,2.371816396713257
10,0.00989363414603945,2.3957619667053223
1,1,3.3885538578033447
2,0.7503257360271477,2.526787042617798
5,0.5712490940905173,2.2882869243621826
10,0.45123166930571995,2.27816104888916
1,1,3.3639204502105713
2,0.7063116227723195,2.518446683883667
5,0.4438956507451734,2.304687976837158
10,0.19258123885248435,2.2089383602142334
1,1,3.336829662322998
2,0.29633508856290985,2.526684284210205
5,0.15828920687838707,2.315624713897705
10,0.08921637523908404,2.2653651237487793
1,1,3.4043662548065186
2,0.24983134246941346,2.2574033737182617
5,0.03986106627183364,2.0905277729034424
10,0.009892348625691608,2.069018840789795
1,1,3.3920509815216064
2,0.24995790608004578,2.5221354961395264
5,0.03996817699651462,2.3585541248321533
10,0.00997204963715041,2.283341884613037
1,1,3.246555805206299
2,0.6950474298133776,2.4252684116363525
5,0.15047985850567708,2.3588979244232178
10,0.6072521140592544,2.389221668243408
1,1,3.5154507160186768
2,0.7819595670776684,2.584479808807373
5,0.5595455558192761,2.3612658977508545
10,0.4455405687205865,2.286924362182617
1,1,3.2551441192626953
2,0.7216641831253894,2.5950241088867188
5,0.39211497917454397,2.403205633163452
10,0.18835058239888766,2.3385403156280518
1,1,2.8316190242767334
2,0.6742032363300526,2.5224592685699463
5,0.32797037844085314,2.3767926692962646
10,0.18479325178221467,2.3254764080047607
1,1,3.249894380569458
2,0.45160462022865416,2.519721031188965
5,0.16708918438820697,2.4024546146392822
10,0.0605158657415781,2.358593225479126
1,1,3.2907490730285645
2,0.6702500304162519,2.4820823669433594
5,0.3416303046617253,2.325650930404663
10,0.1633352957809119,2.3573055267333984
1,1,3.3777506351470947
2,0.6776198781577119,2.386197805404663
5,0.4093444712255435,2.3071277141571045
10,0.299365000331597,2.373277425765991
1,1,2.9174675941467285
2,0.6297140050345627,2.2268691062927246
5,0.3061658164923215,2.0626282691955566
10,0.19493235327940295,1.995896816253662
1,1,3.3498239517211914
2,1.0520113892257819e-4,2.5543079376220703
5,2.513721823680165e-5,2.401146173477173
10,8.255007977773518e-6,2.377030611038208
1,1,3.4268202781677246
2,0.24995790608004578,2.335893392562866
5,0.03996817699651462,2.024235486984253
10,0.00997204963715041,1.9820947647094727
1,1,2.9493672847747803
2,0.7689526308781311,2.209275960922241
5,0.426565392928165,1.963148832321167
10,0.19762036957274007,2.2271993160247803
1,1,3.3745079040527344
2,0.6631236214241215,2.5656237602233887
5,0.3247864473050107,2.076753854751587
10,0.05558774226216493,2.180992364883423
1,1,3.01322078704834
2,0.24995790608004578,2.3517534732818604
5,0.03996817699651462,2.3319642543792725
10,0.00997204963715041,2.325594663619995
1,1,3.3636984825134277
2,0.6562958835314917,2.433009386062622
5,0.34945509420619286,2.0094685554504395
10,0.17208346183056264,2.0573792457580566
1,1,3.121969699859619
2,0.24995790608004578,2.6166703701019287
5,0.03996817699651462,2.429941415786743
10,0.00997204963715041,2.3156285285949707
1,1,3.437748670578003
2,0.24995790608004578,2.484102249145508
5,0.03996817699651462,2.2325873374938965
10,0.00997204963715041,2.376702308654785
1,1,3.359968662261963
2,0.24995790608004578,2.60695219039917
5,0.03996817699651462,2.3710925579071045
10,0.00997204963715041,2.243752956390381
1,1,3.364720582962036
2,0.6926563861243229,2.4438865184783936
5,0.43389078285311633,2.2633066177368164
10,0.3268023073885512,2.2039051055908203
1,1,2.9748570919036865
2,0.24995790608004578,2.1574347019195557
5,0.03996817699651462,1.8601844310760498
10,0.00997204963715041,2.007683515548706
1,1,3.2687578201293945
2,0.6838146797298754,2.389873504638672
5,0.020379038121165587,2.3721747398376465
10,0.04133485151023114,2.318537950515747
1,1,3.4623372554779053
2,0.24995790608004578,2.5268073081970215
5,0.03996817699651462,2.4354188442230225
10,0.00997204963715041,2.3656091690063477
1,1,2.978266477584839
2,0.250177149764495,2.454328775405884
5,1.5210564057065905e-4,2.2916486263275146
10,7.597290166039706e-5,2.379396438598633
1,1,3.487745761871338
2,0.24995790608004578,2.6177151203155518
5,0.03996817699651462,2.3651862144470215
10,0.00997204963715041,1.9771673679351807
1,1,2.8431742191314697
2,0.7614750343391068,2.308723211288452
5,0.09237152745340745,2.349479913711548
10,0.3704385824346048,2.231168270111084
1,1,3.4479875564575195
2,0.24995790608004578,2.682847738265991
5,0.03996817699651462,2.382768154144287
10,8.107357428577569e-5,2.4265894889831543
1,1,3.4126498699188232
2,0.24995790608004578,2.4229328632354736
5,0.03996817699651462,2.3242692947387695
10,0.00997204963715041,2.267955780029297
1,1,3.532227039337158
2,0.8445659813743189,2.5466644763946533
5,0.6262903331196971,2.447192907333374
10,0.34064521560505806,1.9991347789764404
1,1,3.0064282417297363
2,0.24995790608004578,2.307464361190796
5,0.03996817699651462,1.997253179550171
10,0.00997204963715041,2.1244962215423584
1,1,3.3730833530426025
2,0.8000989049758475,2.558347225189209
5,0.4098533120151574,2.3729119300842285
10,0.26893125989952876,2.3126468658447266
1,1,3.002196788787842
2,0.24995790608004578,2.2105906009674072
5,0.03996817699651462,2.0975708961486816
10,0.00997204963715041,1.9744186401367188
1,1,3.3177874088287354
2,0.7942787657067079,2.5130412578582764
5,0.5634172846827319,2.1985459327697754
10,0.3796981242440301,2.2968411445617676
1,1,2.853144645690918
2,0.24995790608004578,2.166095733642578
5,0.03996817699651462,2.177459239959717
10,0.00997204963715041,2.2268807888031006
1,1,3.308140754699707
2,0.24995790608004578,2.3872721195220947
5,0.03996817699651462,2.1631338596343994
10,0.00997204963715041,2.342034101486206
1,1,3.303091526031494
2,0.24995790608004578,2.4453554153442383
5,0.03996817699651462,2.00123929977417
10,0.00997204963715041,2.040926694869995
1,1,3.2732925415039062
2,0.6189261430047771,2.51653790473938
5,0.30329189056739747,2.3540587425231934
10,0.18638181914201898,2.213897466659546
1,1,3.3434998989105225
2,0.6713813483268517,2.5968899726867676
5,0.366645774208148,2.289750814437866
10,0.2413430513049165,2.309192419052124
1,1,3.1282169818878174
2,0.24995790608004578,2.0865583419799805
5,0.03996817699651462,2.0257251262664795
10,0.00997204963715041,2.018589496612549
1,1,3.1140975952148438
2,0.8548616491148119,2.4476847648620605
5,0.5219965435802666,2.0283215045928955
10,0.0187449735065323,1.959507942199707
1,1,2.9127438068389893
2,0.24995790608004578,2.5846924781799316
5,0.03996817699651462,2.233224868774414
10,0.00997204963715041,2.2535817623138428
1,1,3.5472402572631836
2,0.9804282381658497,2.5597267150878906
5,0.041151159890246945,2.4739325046539307
10,0.16493468263313413,2.3188953399658203
1,1,3.280550479888916
2,0.7400001525424295,2.3848369121551514
5,0.4653844513733615,2.3110883235931396
10,0.31436602550819437,2.3010153770446777
1,1,3.092313051223755
2,0.6484328197407085,2.689434289932251
5,0.3799449857510177,2.2906267642974854
10,0.20998077108907387,2.3421597480773926
1,1,2.7388598918914795
2,0.7664498741170247,2.466968059539795
5,0.4426893520564529,2.3482513427734375
10,0.2766531485049442,2.3317086696624756
1,1,3.4280500411987305
2,0.652145815111097,2.5327258110046387
5,0.3188266073055305,2.3960232734680176
10,0.18212111705743117,2.307950258255005
1,1,3.4982945919036865
2,0.24996185146169414,2.800372362136841
5,0.039969144409844747,2.458467483520508
10,0.009972291006521559,2.4342455863952637
1,1,3.4261581897735596
2,0.24995790608004578,2.611116409301758
5,0.03996817699651462,2.52095627784729
10,0.00997204963715041,2.312008857727051
1,1,3.0956244468688965
2,0.7050763183092215,2.3317856788635254
5,0.4738435009830297,1.9687676429748535
10,0.32804449774824074,2.068420171737671
1,1,3.480177164077759
2,0.24995790608004578,2.376293897628784
5,0.03996817699651462,2.196148157119751
10,1.749482392482528e-4,2.1597914695739746
1,1,3.0280303955078125
2,0.25012150948483525,2.4252419471740723
5,0.03996390783963822,2.269963502883911
10,1.4818197714641711e-5,2.211756467819214
1,1,2.9187889099121094
2,0.008512071523701793,2.265561103820801
5,0.05323384087929818,2.3913917541503906
10,0.21336231285307564,2.3721365928649902
1,1,3.3502047061920166
2,0.5074446647528641,2.6394705772399902
5,0.09162772549541108,2.2366487979888916
10,0.2975676173321826,2.301443338394165
1,1,3.2062249183654785
2,0.24983919970530533,2.4148802757263184
5,0.039888865922000596,2.299722909927368
10,0.00992862430007125,2.2229926586151123
1,1,3.3060033321380615
2,0.8038055226061768,2.5945608615875244
5,0.3836944991665404,2.3091347217559814
10,0.1669167693110715,2.418208360671997
1,1,2.988584041595459
2,0.788007317286832,2.1025032997131348
5,0.5531375688003881,2.1513888835906982
10,0.03323841134933561,2.00345778465271
1,1,3.1922459602355957
2,0.8120915612511076,2.452176809310913
5,0.6349690135064855,2.3993489742279053
10,0.5550297730266945,2.2881078720092773
1,1,2.915134906768799
2,0.24975024568499826,2.385615825653076
5,0.03960055586866688,2.1572933197021484
10,0.009782637446259587,2.2236993312835693
1,1,3.3243658542633057
2,0.75487900528465,2.5672926902770996
5,0.4262118730219957,2.367551565170288
10,0.2604008721503234,2.3772330284118652
1,1,3.1278510093688965
2,0.24995790608004578,2.4947338104248047
5,0.03996817699651462,2.2449655532836914
10,0.00997204963715041,2.42905592918396
1,1,3.4404380321502686
2,0.793217236665619,2.613722562789917
5,0.4836149416578269,2.2590954303741455
10,0.2393524632860956,2.352630853652954
1,1,3.443636417388916
2,0.5863886866437645,2.625669240951538
5,0.26933926878477704,2.416038751602173
10,0.18007107152360236,2.281660318374634
1,1,3.364431381225586
2,0.24995790608004578,2.4030423164367676
5,0.03996817699651462,2.2934927940368652
10,0.00997204963715041,2.321619749069214
1,1,3.3524584770202637
2,0.7237016551329326,2.5357186794281006
5,0.4512003834331307,2.0031490325927734
10,0.21911798354488538,2.353753089904785
1,1,3.4414660930633545
2,0.7242485372211399,2.601121425628662
5,0.4015929301957488,2.4511547088623047
10,0.23115067576186057,2.396390676498413
1,1,3.3763678073883057
2,0.2500797666520863,2.028139114379883
5,0.040001670748785516,1.9681470394134521
10,0.009964160118066247,2.122497320175171
1,1,3.4434871673583984
2,0.8668315750211895,2.647704839706421
5,0.6367624306096861,2.5118377208709717
10,0.46250914363595286,2.423344850540161
1,1,3.4485692977905273
2,0.4566883456824386,2.5262811183929443
5,0.19624880198301153,2.4016530513763428
10,0.13034774778956984,2.244252920150757
1,1,2.8404200077056885
2,0.25003774417267455,2.2169137001037598
5,1.8328112477703333e-4,2.207294225692749
10,8.44627381306124e-5,2.1074142456054688
1,1,3.650339365005493
2,0.7699596214072839,2.518918037414551
5,0.38302836288326514,2.405330181121826
10,0.0968891662231358,2.34942889213562
1,1,3.0517356395721436
2,0.6323232039861988,2.522085666656494
5,0.27643467641267544,2.3750970363616943
10,0.1413584615501825,2.1405773162841797
1,1,3.547253131866455
2,0.9565128450314804,2.571103096008301
5,0.016299612516788367,2.4220190048217773
10,0.0653291772253717,2.307420253753662
1,1,3.3818817138671875
2,0.7559335885435251,2.5298469066619873
5,0.4329639207188915,2.262479543685913
10,0.3050764691274228,2.3459956645965576
1,1,3.3720033168792725
2,0.7791897689532291,2.5793983936309814
5,0.45872566780090646,2.4072375297546387
10,0.19857482582365454,2.4007272720336914
1,1,3.449629783630371
2,0.6873371154180746,2.626854658126831
5,0.4153443972170757,2.20307993888855
10,0.29651854017907997,2.275536060333252
1,1,2.730471611022949
2,0.24995790608004578,2.164428472518921
5,0.03996817699651462,2.014821767807007
10,9.588509266490779e-5,2.0927674770355225
1,1,2.6531121730804443
2,0.7668895609821508,2.4261481761932373
5,0.4602949120029019,2.163633108139038
10,0.24494550253509398,2.167038679122925
1,1,3.3953001499176025
2,0.24995790608004578,2.501983165740967
5,0.03996817699651462,1.960514783859253
10,0.00997204963715041,2.3323702812194824
1,1,2.7047390937805176
2,0.24977845608507285,2.148510456085205
5,0.03982374950768019,2.3383026123046875
10,0.009875935407640804,1.9838495254516602
1,1,3.457446813583374
2,0.8972850593352302,2.518932342529297
5,0.7963826419712123,2.400905132293701
10,0.7290647952535226,2.309918165206909
1,1,3.489788293838501
2,0.7826235399160484,2.609902858734131
5,0.6056475951429348,2.2654812335968018
10,0.5102947423918706,2.3974838256835938
1,1,3.3675544261932373
2,0.7267327810988686,2.6761841773986816
5,0.40720086680813605,2.0970664024353027
10,0.008229814283212601,2.3774075508117676
1,1,3.25661301612854
2,0.2499682703341363,2.4056191444396973
5,0.039944051112893494,2.4130139350891113
10,0.00997423681975849,2.3392844200134277
1,1,3.326530694961548
2,0.7518265143813878,2.6899285316467285
5,0.3156461157673463,2.3333067893981934
10,0.17451086865013218,2.21964693069458
1,1,3.470651626586914
2,0.855842133771619,2.418409585952759
5,0.42002701668927567,2.182039737701416
10,0.18311832202114622,2.0949859619140625
1,1,3.1667134761810303
2,0.49991581216009157,2.2385973930358887
5,0.12826996338416322,2.2383761405944824
10,0.7266687466735184,2.3734657764434814
1,1,3.53263258934021
2,0.566958630095469,2.5367822647094727
5,0.2671721087392813,2.422585964202881
10,0.16272728750450288,2.4027695655822754
1,1,3.3526079654693604
2,0.011801397097757649,2.479440927505493
5,0.07380503012764054,2.379687547683716
10,0.29581205616798095,2.368910312652588
1,1,3.1141178607940674
2,0.24995790608004578,2.3547370433807373
5,0.03996817699651462,2.4388108253479004
10,0.00997204963715041,2.377845525741577
1,1,3.3989815711975098
2,0.24995790608004578,2.549597978591919
5,0.03996817699651462,2.4368696212768555
10,0.00997204963715041,2.3114211559295654
1,1,3.4692165851593018
2,0.700934591365518,2.6265716552734375
5,0.23980906197908775,2.358212947845459
10,0.10377164153659646,2.381647825241089
1,1,3.3829240798950195
2,0.24995790608004578,2.5143799781799316
5,0.03996817699651462,2.3538966178894043
10,0.00997204963715041,2.258571147918701
1,1,3.3074076175689697
2,0.8041350430475495,2.680617332458496
5,0.0025160805725332,2.3653721809387207
10,0.17458109435180225,2.4625144004821777
1,1,3.580803632736206
2,0.24995790608004578,2.7075750827789307
5,0.03996817699651462,2.4029674530029297
10,0.00997204963715041,2.353160858154297
1,1,3.2117841243743896
2,0.6854709692054699,2.693237066268921
5,0.3462911638539859,2.361862897872925
10,0.018274368750313796,2.3098971843719482
1,1,3.4705162048339844
2,0.8070497183135371,2.6915295124053955
5,0.4692616447799823,2.36733341217041
10,0.3360580727719688,2.312930107116699
1,1,3.4462554454803467
2,0.7524750618634832,2.4305386543273926
5,0.5146614472364586,2.3795690536499023
10,0.4144475526207868,2.3400557041168213
1,1,3.4642491340637207
2,0.7242583150052272,2.6277661323547363
5,0.47883335708213937,2.4205713272094727
10,0.3420205624847495,2.3544132709503174
1,1,3.0555295944213867
2,0.24995790608004578,2.2908198833465576
5,0.03996817699651462,2.277493715286255
10,0.00997204963715041,2.1709036827087402
1,1,3.4807636737823486
2,0.6724029930308196,2.585113525390625
5,0.33697307847061464,2.458289623260498
10,0.2276532340133777,2.4543232917785645
1,1,3.414712429046631
2,0.8140044721362619,2.616960287094116
5,0.530163464912101,2.398510456085205
10,0.24218716015669003,2.375683307647705
1,1,3.1250851154327393
2,0.24995790608004578,2.6013541221618652
5,0.03996817699651462,2.407824993133545
10,0.00997204963715041,2.3026227951049805
1,1,3.402310609817505
2,0.24995790608004578,2.5658764839172363
5,0.03996817699651462,2.4126596450805664
10,0.00997204963715041,2.375980854034424
1,1,3.0164897441864014
2,0.7488985898679135,2.3757410049438477
5,0.41480486396382743,2.166963815689087
10,0.22306410062130624,2.047229051589966
1,1,3.424813985824585
2,0.24995790608004578,2.6983277797698975
5,0.03996817699651462,2.271623373031616
10,0.00997204963715041,2.434391975402832
1,1,3.4483859539031982
2,0.7639690888837489,2.541733503341675
5,0.010258263720077961,2.3958897590637207
10,0.04111532884007608,2.333174705505371
1,1,3.474195957183838
2,0.7580949776431496,2.4570329189300537
5,0.3903205879802191,2.25502610206604
10,0.020913511374545474,2.312025785446167
1,1,3.364974021911621
2,0.6380661747997387,2.559816598892212
5,0.4103196877969182,2.4128379821777344
10,0.3224495092252228,2.34140944480896
1,1,3.112065553665161
2,0.6338606466138552,2.24499773979187
5,0.3803731343415387,2.118116855621338
10,0.2767264955383234,2.278843879699707
1,1,3.399495840072632
2,0.24995790608004578,2.551736831665039
5,0.03996817699651462,2.369940757751465
10,0.00997204963715041,2.3151519298553467
1,1,3.3373148441314697
2,0.24995790608004578,2.476276159286499
5,0.03996817699651462,2.164416551589966
10,0.00997204963715041,2.051778793334961
1,1,3.465120553970337
2,0.6651129057977689,2.635679006576538
5,0.2615789626410191,2.2661972045898438
10,0.1101401245381496,2.2968738079071045
1,1,3.376248836517334
2,0.6399492678574876,2.6602516174316406
5,0.4040503491787874,2.4575822353363037
10,0.2999884027345562,2.439213514328003
1,1,3.469632625579834
2,0.24995790608004578,2.6334173679351807
5,0.03996817699651462,2.3823671340942383
10,0.00997204963715041,2.3520662784576416
1,1,3.5458457469940186
2,0.24995790608004578,2.5534026622772217
5,0.03996817699651462,2.413694143295288
10,0.00997204963715041,2.32277250289917
1,1,3.4195749759674072
2,0.7444178868220604,2.557884931564331
5,0.4623006720727154,2.3654849529266357
10,0.2662103685743631,2.3196215629577637
1,1,3.493868589401245
2,0.24995790608004578,2.322754144668579
5,0.03996817699651462,2.268876552581787
10,0.00997204963715041,1.9535176753997803
1,1,3.432861804962158
2,0.7281674363334548,2.596330404281616
5,0.34046190561952505,2.380732297897339
10,0.16989031161930593,2.347470283508301
1,1,3.6057369709014893
2,0.24995790608004578,2.4970617294311523
5,0.03996817699651462,2.3474881649017334
10,0.00997204963715041,2.284088373184204
1,1,3.755842685699463
2,0.6273184825507363,2.605555295944214
5,0.3708257874668544,2.348809242248535
10,0.28294349736674196,2.2758219242095947
1,1,2.8728244304656982
2,0.24995790608004578,2.3164026737213135
5,0.03996817699651462,2.410583972930908
10,0.00997204963715041,2.3984851837158203
1,1,3.362717628479004
2,0.24995790608004578,2.6272544860839844
5,0.03996817699651462,2.374796152114868
10,0.00997204963715041,2.3301281929016113
1,1,3.4118587970733643
2,0.7470055751195036,2.5163559913635254
5,0.5065339818991018,2.2987053394317627
10,0.3545100040348712,2.269613027572632
1,1,3.0011420249938965
2,0.8422896793473948,2.457954168319702
5,0.7425870464918761,2.421841621398926
10,0.6703129417718805,2.3973817825317383
1,1,3.3689653873443604
2,0.7051968815327142,2.3527679443359375
5,0.04185231016347308,2.0595521926879883
10,0.16783118371507558,2.1008150577545166
1,1,3.3028910160064697
2,0.3770916686552415,2.5203657150268555
5,0.09203198650513236,2.4487318992614746
10,0.03455660765349152,2.3622090816497803
1,1,3.450988292694092
2,0.7782344742197808,2.422978162765503
5,0.002464286931278454,2.314105749130249
10,0.009876911951240575,2.2961833477020264
1,1,3.3819291591644287
2,0.4451631279711292,2.5652756690979004
5,0.25479712835278073,2.3911075592041016
10,0.17875273982343234,2.2914066314697266
1,1,3.250145196914673
2,0.6867973257005323,2.495347261428833
5,0.41711598231677804,2.223236560821533
10,0.3039496121762311,2.019998073577881
1,1,3.4101998805999756
2,0.8264916214870093,2.545901298522949
5,0.3078376337245476,2.3935694694519043
10,0.005178964367140709,2.3235669136047363
1,1,3.0164551734924316
2,0.515618338163673,2.2946066856384277
5,0.22195184388767525,2.113316774368286
10,0.18255312584436642,1.8986949920654297
1,1,3.389099597930908
2,0.24995851499537586,2.501063585281372
5,0.03996406394503897,2.3159022331237793
10,0.009969084423305588,2.2977294921875
1,1,3.3929975032806396
2,0.954216160747712,2.5417635440826416
5,0.5745146335867717,2.0195069313049316
10,0.03897407191641879,2.045262098312378
1,1,3.5373895168304443
2,0.24995790608004578,2.57999587059021
5,0.03996817699651462,2.280895709991455
10,0.00997204963715041,2.304391622543335
1,1,3.4315338134765625
2,0.24995790608004578,2.5703859329223633
5,0.03996817699651462,2.3563039302825928
10,0.00997204963715041,2.3250339031219482
1,1,3.068833589553833
2,0.7531626380569801,2.5973832607269287
5,0.4653921626543313,2.233358144760132
10,0.2514054348888929,2.2804739475250244
1,1,3.2237348556518555
2,0.24995790608004578,2.558121681213379
5,0.03996817699651462,2.3193647861480713
10,0.00997204963715041,2.2751927375793457
1,1,3.4238691329956055
2,0.24995790608004578,2.5829789638519287
5,0.03996817699651462,2.3746368885040283
10,0.00997204963715041,2.440945625305176
1,1,3.4708099365234375
2,0.6874651830225101,2.4829607009887695
5,0.4680715927946712,2.243255376815796
10,0.2047512172413507,2.1833364963531494
1,1,3.516791582107544
2,6.885892729477846e-4,2.5794436931610107
5,0.03996817699651462,2.3728530406951904
10,0.00997204963715041,2.3646130561828613
1,1,3.3681626319885254
2,0.8542390723358428,2.5755460262298584
5,0.4229489587166887,2.3675479888916016
10,0.2095544898927423,2.2759413719177246
1,1,3.2960197925567627
2,0.24995790608004578,2.473100185394287
5,0.03996817699651462,2.392653465270996
10,0.00997204963715041,2.335705041885376
1,1,3.4785878658294678
2,0.6858172273242114,2.574399709701538
5,0.4299694052910422,2.364377498626709
10,0.29048451085881,2.2588555812835693
1,1,3.350762367248535
2,0.6416668324911997,2.5077342987060547
5,0.27242676964291,2.3564157485961914
10,0.05475393921139068,2.3167595863342285
1,1,2.813521146774292
2,0.7024422603168283,2.150130271911621
5,0.22103727723006586,2.103151798248291
10,0.06378608153829457,2.3024792671203613
1,1,3.5260894298553467
2,0.7468874597561329,2.478788375854492
5,0.4839060313027645,2.308913230895996
10,0.3019018997018208,2.31023907661438
1,1,3.3209640979766846
2,0.8055781116436681,2.5057504177093506
5,0.5627198802812287,2.3365635871887207
10,0.413493460226548,2.1163947582244873
1,1,3.3121514320373535
2,3.241996187808636e-4,2.602159261703491
5,1.323449569421014e-4,2.347417116165161
10,6.475356907240526e-5,2.3786768913269043
1,1,2.9766297340393066
2,0.8476490505869061,2.172675371170044
5,0.6272378141788791,2.1289877891540527
10,0.046641993972532804,1.938018798828125
1,1,3.4435524940490723
2,0.8592303021501575,2.501953601837158
5,0.38164057895977505,2.328096628189087
10,0.1428288359487689,2.3449854850769043
1,1,3.138608455657959
2,0.5657463101970146,2.5693163871765137
5,0.2025881432683646,2.2612662315368652
10,0.12389187755720565,2.2441153526306152
1,1,3.562648296356201
2,0.5105935890566022,2.5398199558258057
5,0.17738699998469487,2.035381317138672
10,0.10797611094730794,2.343618869781494
1,1,2.9258298873901367
2,0.24995790608004578,2.2359225749969482
5,0.03996817699651462,1.9447884559631348
10,0.00997204963715041,2.050952434539795
1,1,3.4616944789886475
2,0.8074415597256925,2.605076789855957
5,0.6485129433975807,2.3338770866394043
10,0.5692102542774223,2.35758900642395
1,1,3.3263556957244873
2,0.7936616706524606,2.17436146736145
5,0.46498038758431587,2.045152425765991
10,0.2957074136091254,2.060765027999878
1,1,3.505465030670166
2,0.7612581874359753,2.614423990249634
5,0.527371934276382,2.281604290008545
10,0.36726247369101694,2.238252639770508
1,1,3.240208625793457
2,0.7401754217579075,2.4828226566314697
5,0.3837689280492493,2.295109510421753
10,0.19150963220588152,2.3083760738372803
1,1,3.380220890045166
2,0.24995790608004578,2.7069742679595947
5,0.03996817699651462,2.3016743659973145
10,0.00997204963715041,2.277602434158325
1,1,3.4459574222564697
2,0.24995790608004578,2.4945952892303467
5,0.03996817699651462,2.2616562843322754
10,0.00997204963715041,2.1576101779937744
1,1,3.3393595218658447
2,0.24995790608004578,2.638455867767334
5,0.03996817699651462,2.3876163959503174
10,0.00997204963715041,2.3405823707580566
1,1,3.3278355598449707
2,0.6362845814785765,2.462871551513672
5,0.3634915036918004,1.9022581577301025
10,0.2694547270720826,1.9884591102600098
1,1,2.8356375694274902
2,0.24995790608004578,2.5981390476226807
5,3.122513827852705e-4,2.4142987728118896
10,0.00997204963715041,2.2990145683288574
1,1,3.4350414276123047
2,0.7670628006066734,2.611307382583618
5,0.4382858453576843,2.342902183532715
10,0.25228500381231705,2.1289563179016113
1,1,2.9033398628234863
2,0.7066634598689798,2.53611159324646
5,0.40298297632474034,2.360175371170044
10,0.1267080507798517,2.399031639099121
1,1,3.158001661300659
2,0.0026877194202155463,2.3101606369018555
5,0.001427434892732665,2.118558883666992
10,0.00997204963715041,2.0111684799194336
1,1,3.445708751678467
2,0.7400152657563122,2.371241569519043
5,0.45964911779086026,2.2552599906921387
10,0.18599032113940997,2.338061809539795
1,1,3.2731494903564453
2,0.815308934692642,2.411562204360962
5,0.6560151428471859,2.3752410411834717
10,0.5327372522723247,2.3007302284240723
1,1,3.3583693504333496
2,0.24995790608004578,2.5228402614593506
5,0.03996817699651462,2.432565450668335
10,0.00997204963715041,2.447261095046997
1,1,2.9200899600982666
2,0.8163649838968984,2.204843759536743
5,0.4999792707299848,2.2288143634796143
10,0.07562615915606753,2.0652787685394287
1,1,2.9874870777130127
2,0.816248841605135,2.355839490890503
5,0.4926606144572267,2.2076659202575684
10,0.306371966554621,2.327359199523926
1,1,3.0304551124572754
2,0.6201861932341287,2.2177982330322266
5,0.1148711321408556,2.2172279357910156
10,0.05746393603407924,2.2283318042755127
1,1,3.391756772994995
2,0.8106882191008496,2.197462320327759
5,0.46058565872173995,2.292480707168579
10,0.2509765452678015,2.391024589538574
1,1,3.0015993118286133
2,0.8103513988345418,2.4731221199035645
5,0.6414671905125129,2.501877784729004
10,0.4951103734510848,2.2741899490356445
1,1,3.458991289138794
2,0.24995790608004578,2.582937002182007
5,0.03996817699651462,2.446972608566284
10,0.00997204963715041,2.282052516937256
1,1,2.8418266773223877
2,0.81821590314858506,2.424469470977783
5,0.4867985540246489,2.2447195053100586
10,0.30413400167070653,1.9988088607788086
1,1,3.106994390487671
2,0.7867936484795054,2.177978754043579
5,0.40928451378898417,2.099942684173584
10,0.22791191706936514,2.2921974658966064
1,1,3.296800374984741
2,0.7713622924421905,2.5876717567443848
5,0.48461242858067793,2.3335304260253906
10,0.29186715622173903,2.1942338943481445
1,1,3.0143637657165527
2,0.25017959137409995,2.6019110679626465
5,0.0399481674021361,2.2530274391174316
10,0.009969810268797357,2.123565673828125
1,1,3.3262619972229004
2,0.5007409372901973,2.470136880874634
5,0.2569423129938366,2.3487391471862793
10,0.13388726821088523,2.261772394180298
1,1,2.9223074913024902
2,0.8267623524404243,2.1534156799316406
5,0.6248640491278817,2.0868260860443115
10,0.4827698110291921,2.0839571952819824
1,1,3.3933136463165283
2,0.7327739822105166,2.612971067428589
5,0.24571153537519752,2.427377700805664
10,0.06574333177071559,2.3936984539031982
1,1,3.332139492034912
2,0.6864193724187271,2.300983428955078
5,0.3392106193655072,2.389953851699829
10,0.19546510261215086,2.2117133140563965
1,1,3.072101593017578
2,0.24995790608004578,2.4123783111572266
5,0.03996817699651462,2.105506420135498
10,0.00997204963715041,2.344254732131958
1,1,3.406942367553711
2,0.7083903927122043,2.596003770828247
5,0.43900455540693045,2.3143930435180664
10,0.29239632509450914,2.272225856781006
1,1,3.4453208446502686
2,0.6918067816575227,2.499793767929077
5,0.37917957546878595,2.3825643062591553
10,0.23651301060704422,2.2840945720672607
1,1,3.3439738750457764
2,0.2497722482629232,2.4399406909942627
5,0.0398317493438044,2.4120028018951416
10,0.009890288305136215,2.3121907711029053
1,1,3.3635611534118652
2,0.24998597467962164,2.478360891342163
5,0.03987866094255496,2.387730121612549
10,0.00989519746315348,2.3287410736083984
1,1,3.2825276851654053
2,0.24996051887980641,2.6043360233306885
5,0.03998752266085783,2.3780806064605713
10,0.009947937127784398,2.362950563430786
1,1,3.287551164627075
2,0.24995790608004578,2.234114170074463
5,0.03996817699651462,2.3005318641662598
10,0.00997204963715041,2.3642444610595703
1,1,3.4466941356658936
2,0.4347693666611378,2.4703643321990967
5,0.11423437894630499,2.3073248863220215
10,0.04479481475732527,2.4383232593536377
1,1,3.392900228500366
2,0.8029741397462058,2.509938955307007
5,0.5439884344571049,2.4569478034973145
10,0.3413281453105969,2.230933666229248
1,1,3.497279644012451
2,0.24995790608004578,2.638057231903076
5,0.03996817699651462,2.412524938583374
10,0.00997204963715041,2.3650126457214355
1,1,3.3905038833618164
2,0.8251582659102172,2.5046088695526123
5,0.01001196687205688,1.9991827011108398
10,0.04012816608281134,2.0249578952789307
1,1,3.542785406112671
2,0.563689937325086,2.646580219268799
5,0.1409489429970924,2.388533115386963
10,0.10584350174494268,2.291306495666504
1,1,2.9696743488311768
2,0.2500106399224913,2.3397786617279053
5,0.03976702325010827,2.3935534954071045
10,0.009868841049572025,2.3144493103027344
1,1,3.422145366668701
2,1.545812653556251e-4,2.2936205863952637
5,6.21589066819823e-5,2.3855502605438232
10,3.1961697554969266e-5,1.9806811809539795
1,1,3.4788639545440674
2,0.8429509174959956,2.6249964237213135
5,0.657425270340106,2.404773235321045
10,0.47630716508862786,2.139540195465088
1,1,2.7790894508361816
2,0.24995790608004578,2.2466273307800293
5,0.03996817699651462,2.0518956184387207
10,0.00997204963715041,2.4249162673950195
1,1,3.370429277420044
2,0.7306087377214472,2.5515670776367188
5,0.5010330541150192,2.299764394760132
10,0.2993039469664716,2.3313961029052734
1,1,2.975726842880249
2,0.24995790608004578,2.2709364891052246
5,0.03996817699651462,2.0466737747192383
10,0.00997204963715041,2.0395169258117676
1,1,3.079479217529297
2,0.8136818310967178,2.5806353092193604
5,0.5588860393893416,2.2954394817352295
10,0.4312144465542134,2.326467752456665
1,1,3.3570902347564697
2,0.24995790608004578,2.557093620300293
5,0.03996817699651462,2.2305407524108887
10,0.00997204963715041,2.305356025695801
1,1,3.43178391456604
2,0.827120184842134,2.5763866901397705
5,0.6084574188068508,2.3718247413635254
10,0.5237248691182079,2.399582862854004
1,1,2.7595202922821045
2,0.5336658396988079,2.4121553897857666
5,0.2762917188543342,2.2837882041931152
10,0.1271878414219014,2.2746312618255615
1,1,3.280273199081421
2,0.5893797916322941,2.244845151901245
5,0.01617032010409068,2.125232458114624
10,0.06527039520107965,1.9133679866790771
1,1,3.516433000564575
2,0.5994365890713823,2.6150612831115723
5,0.2627966762043021,2.4536292552948
10,0.17368246954234381,2.3237080574035645
1,1,3.471608877182007
2,0.7740269541085463,2.5468909740448
5,0.4423786980015835,2.3475866317749023
10,0.2369221448274701,2.241549491882324
1,1,3.4666738510131836
2,0.8537806385001563,2.605053663253784
5,0.6741044206349954,2.299895763397217
10,0.4904856972691422,2.2788164615631104
1,1,3.245992422103882
2,0.2501270429423513,2.5434072017669678
5,2.482105170176774e-4,2.4049055576324463
10,6.354194467567367e-5,2.2989883422851562
1,1,3.389033794403076
2,0.5783167060495157,2.64217209815979
5,0.3123703356929982,2.4130091667175293
10,0.1471157435233538,2.3802926540374756
1,1,3.525285005569458
2,0.24995790608004578,2.6193442344665527
5,0.03996817699651462,2.447018623352051
10,0.00997204963715041,2.3318734169006348
1,1,3.49786114692688
2,0.24995790608004578,2.6170759201049805
5,0.03996817699651462,2.357680082321167
10,4.77131561586144e-5,2.3878514766693115
1,1,3.363725185394287
2,0.24995790608004578,2.546764850616455
5,1.4748404795761853e-4,2.300231456756592
10,4.1724057059206734e-5,2.2635843753814697
1,1,3.494224786758423
2,0.6985687293074515,2.6255931854248047
5,0.3810971274401562,2.4173293113708496
10,0.20205272002892855,2.393346071243286
1,1,3.402883529663086
2,0.8353023696852164,2.293565511703491
5,0.5421770096918506,2.0248711109161377
10,0.3338934083385386,2.0279433727264404
1,1,3.0834686756134033
2,0.8302105799119445,2.2145955562591553
5,0.6088100579261002,2.060197114944458
10,0.3797448728875543,2.379934072494507
1,1,2.9202141761779785
2,0.24995790608004578,2.2153208255767822
5,0.03996817699651462,2.0493667125701904
10,0.00997204963715041,2.028310537338257
1,1,3.0632922649383545
2,0.6560942395987017,2.6503264904022217
5,0.4085801239726077,2.4199306964874268
10,0.30224084736646606,2.397794246673584
1,1,3.326563835144043
2,0.8050293838327056,2.4764280319213867
5,0.6202227857048719,2.343430280685425
10,0.509730090894684,2.402251958847046
1,1,2.957608699798584
2,0.7197740750996082,2.24606990814209
5,0.30390549329147065,2.0027058124542236
10,0.1958795464440259,1.8753247261047363
1,1,3.4777626991271973
2,0.7472216449660786,2.5625674724578857
5,0.4416091713242351,2.230644941329956
10,0.24974444313485583,2.3619742393493652
1,1,3.224381446838379
2,0.24995790608004578,2.4884161949157715
5,0.03996817699651462,2.3356363773345947
10,0.00997204963715041,2.400641441345215
1,1,2.903419017791748
2,0.6279057115411261,2.2497940063476562
5,0.4116328535198995,2.038449764251709
10,0.3361866875464409,1.970116376876831
1,1,3.3099215030670166
2,0.7816489832354369,2.649935483932495
5,0.5342181961942619,2.4356303215026855
10,0.380320693339164,2.3115828037261963
1,1,3.354840040206909
2,0.24995790608004578,2.41684889793396
5,0.03996817699651462,2.305919885635376
10,0.00997204963715041,2.336862802505493
1,1,3.3925514221191406
2,0.24995790608004578,2.493594169616699
5,2.646899138842028e-4,2.3593077659606934
10,9.407593997311708e-5,2.3069040775299072
1,1,3.397665500640869
2,0.848082456472244,2.6118884086608887
5,0.5896108322848905,2.3308589458465576
10,0.30147675475238817,2.3703863620758057
1,1,3.3947994709014893
2,0.5380761546579036,2.662853717803955
5,0.007126147881876999,2.4311282634735107
10,0.02856174509853191,2.3007993698120117
1,1,3.4222354888916016
2,0.6320787696498303,2.415254592895508
5,0.3585125556944766,2.3361175060272217
10,0.25153323719956516,2.188946008682251
1,1,3.1843924522399902
2,0.785882794875733,2.5043716430664062
5,0.5663936612207421,2.413952112197876
10,0.445780713325188,2.4415862560272217
1,1,3.3031179904937744
2,0.6016732060757678,2.255500316619873
5,0.3041802513332103,2.327594757080078
10,0.04348668128401802,2.20357346534729
1,1,3.249523401260376
2,0.6216058453832718,2.4819111824035645
5,0.29053790201312557,2.1924006938934326
10,0.09518774653643575,2.255972146987915
1,1,3.407863140106201
2,0.5602178614036221,2.5255661010742188
5,0.2665295180992066,2.2670273780822754
10,0.14295785531261315,2.352400064468384
1,1,3.465646743774414
2,0.8391882862450522,2.608447551727295
5,0.5272009580295309,2.3891494274139404
10,0.36810828930847117,2.314817190170288
1,1,2.7938530445098877
2,0.7739456223861981,2.1888413429260254
5,0.4969806048413641,1.9661166667938232
10,0.3599003369044284,2.207507371902466
1,1,3.4424381256103516
2,0.6795730571551245,2.189103603363037
5,0.3169471156011589,2.0168893337249756
10,0.14854147387546876,1.829820156097412
1,1,3.523200035095215
2,0.3625174246711506,2.6918118000030518
5,0.2139674243677713,2.456820487976074
10,0.16287469353213246,2.3185386657714844
1,1,3.3775062561035156
2,0.7059523175629617,2.5762434005737305
5,0.41217795226949583,2.406755208969116
10,0.30922871666577,2.333087205886841
1,1,3.376060962677002
2,0.24995790608004578,2.499788522720337
5,0.03996817699651462,2.3290512561798096
10,5.5094196890333754e-5,2.3721513748168945
1,1,2.8953607082366943
2,0.7739624035438192,2.3158960342407227
5,0.4898892755885647,1.9898526668548584
10,0.3174108566370072,2.0454373359680176
1,1,3.497765302658081
2,0.24995790608004578,2.630620002746582
5,0.03996817699651462,2.3463432788848877
10,0.00997204963715041,2.3290929794311523
1,1,3.4293949604034424
2,0.24995790608004578,2.5954930782318115
5,0.03996817699651462,2.405273199081421
10,0.00997204963715041,2.3292429447174072
1,1,3.365745782852173
2,0.24995790608004578,2.4561095237731934
5,0.03996817699651462,2.2302956581115723
10,0.00997204963715041,2.3197810649871826
1,1,3.360976219177246
2,0.48355631450188463,2.6540286540985107
5,0.11704966120407855,2.155679941177368
10,0.05558980302113233,2.120347499847412
1,1,3.470238447189331
2,0.24995790608004578,2.5022518634796143
5,0.03996817699651462,2.3768277168273926
10,0.00997204963715041,2.3525660037994385
1,1,3.3432397842407227
2,0.6515296240447096,2.5497753620147705
5,0.33893014093044405,2.324561595916748
10,0.18444945503346666,2.1784300804138184
1,1,3.418412208557129
2,0.740394617599589,2.4849307537078857
5,0.47018194648545697,2.201831817626953
10,0.29012641058420824,2.246779441833496
1,1,3.5944478511810303
2,0.24995790608004578,2.6517624855041504
5,0.03996817699651462,2.402865171432495
10,0.00997204963715041,2.2140443325042725
1,1,3.3869900703430176
2,0.5848428269969164,2.4482977390289307
5,0.24083283700461322,2.3986642360687256
10,0.08694681084667392,2.246225118637085
1,1,2.9448094367980957
2,0.8277568394050249,2.474644660949707
5,0.5763432656068687,2.2845358848571777
10,0.19033719142408712,2.2296793460845947
1,1,3.6066834926605225
2,0.6950583879594255,2.477215528488159
5,0.4140494152906907,2.3628904819488525
10,0.031634159949825096,2.2634129524230957
1,1,3.3361847400665283
2,0.24995790608004578,2.582688808441162
5,0.03996817699651462,2.3242921829223633
10,0.00997204963715041,2.325096368789673
1,1,3.2870500087738037
2,0.24977199955242937,2.5304644107818604
5,0.03983838408610523,2.280165672302246
10,0.009868012648468528,2.2839698791503906
1,1,3.393929958343506
2,0.7341158167000998,2.6223032474517822
5,0.4346004342361911,2.2902379035949707
10,0.2623734096240921,2.2488553524017334
1,1,2.473388433456421
2,0.8582599653466678,2.087787628173828
5,0.6944096631986895,2.1356287002563477
10,0.5730216927043835,1.9922199249267578
1,1,3.02797269821167
2,0.24995790608004578,2.3004136085510254
5,0.03996817699651462,2.02483868598938
10,0.00997204963715041,1.987034559249878
1,1,2.874720811843872
2,0.5414007257293084,2.1717512607574463
5,0.27960337790241346,2.1502437591552734
10,0.20477809482899859,2.016446352005005
1,1,2.8055882453918457
2,0.7577907633367627,2.4190666675567627
5,0.5716314417726297,2.2748265266418457
10,0.4797690972265375,2.3181540966033936
1,1,3.274895429611206
2,0.24995790608004578,2.531696319580078
5,0.03996817699651462,2.3096578121185303
10,0.00997204963715041,2.149643659591675
1,1,2.992037057876587
2,0.24995790608004578,2.0930936336517334
5,0.03996817699651462,1.916517972946167
10,0.00997204963715041,2.221417188644409
1,1,3.6066997051239014
2,0.754265949816624,2.735846519470215
5,0.5224905629509766,2.4267425537109375
10,0.26253939741570903,2.406238555908203
1,1,3.2991297245025635
2,0.24995790608004578,2.592595100402832
5,0.03996817699651462,2.358689308166504
10,0.00997204963715041,2.2919044494628906
1,1,3.485273838043213
2,0.01093080222989028,2.1928060054779053
5,0.06836039675756869,2.0568485260009766
10,0.27398985530312986,1.981963872909546
1,1,3.503981828689575
2,0.73553389771329,2.517298936843872
5,0.2568149601827883,2.319226026535034
10,0.09758831470566601,2.037278890609741
1,1,3.4308083057403564
2,0.7408662261291448,2.532963275909424
5,0.4241783945759133,2.3316569328308105
10,0.3087815840585868,2.2575290203094482
1,1,3.3368279933929443
2,0.24995790608004578,2.447427749633789
5,0.03996817699651462,2.3197853565216064
10,0.00997204963715041,2.336608648300171
1,1,3.3431456089019775
2,0.8624638998694133,2.5138447284698486
5,0.5953574569015194,2.198765993118286
10,0.31749871783116806,2.3544247150421143
1,1,3.495239496231079
2,0.8108592483861412,2.593153238296509
5,0.6173434975654692,2.357616424560547
10,0.5076645345696078,2.2600057125091553
1,1,3.4214022159576416
2,0.24995790608004578,2.5460736751556396
5,0.03996817699651462,2.4093689918518066
10,0.00997204963715041,2.303847074508667
1,1,3.3561220169067383
2,0.24995790608004578,2.5985937118530273
5,3.041718188471432e-5,2.268500328063965
10,1.7193189029569673e-5,2.3523242473602295
1,1,3.468235492706299
2,0.6608536218642613,2.5292391777038574
5,0.3327737167610361,2.355299949645996
10,0.06654299073719014,2.363654136657715
1,1,3.3315556049346924
2,0.6852186356444846,2.5252766609191895
5,0.3512865676982822,2.356171131134033
10,0.2045984121647219,2.3213584423065186
1,1,3.181579351425171
2,0.7087378421597846,2.6126317977905273
5,0.4019874557914373,2.3030214309692383
10,0.2545230912455113,2.3310770988464355
1,1,3.340970039367676
2,0.7366805049377668,2.498241901397705
5,0.4184506098385095,2.240640878677368
10,0.1968368269141982,2.38478946685791
1,1,2.8916964530944824
2,0.24995790608004578,2.2227602005004883
5,0.03996817699651462,1.9528608322143555
10,0.00997204963715041,2.120030403137207
1,1,3.1457414627075195
2,0.8621366918970279,2.3405420780181885
5,0.6459259598128553,2.025364637374878
10,0.48901104480194074,2.1029775142669678
1,1,3.0251598358154297
2,0.24995790608004578,2.1713082790374756
5,0.03996817699651462,2.021425247192383
10,0.00997204963715041,2.017580509185791
1,1,3.2725718021392822
2,0.24995790608004578,2.4512939453125
5,0.03996817699651462,2.282762289047241
10,0.00997204963715041,2.361285448074341
1,1,2.7172319889068604
2,0.24977731614812018,2.395312547683716
5,0.039861196355224025,2.3775219917297363
10,0.009930283430118187,2.0007097721099854
1,1,3.214240789413452
2,0.7777423716346351,2.514500856399536
5,0.6130316799826252,2.103799819946289
10,0.5247849924685642,1.9301695823669434
1,1,3.4485855102539062
2,0.24995790608004578,2.5954477787017822
5,0.03996817699651462,2.301583766937256
10,0.00997204963715041,2.3022267818450928
1,1,3.2558505535125732
2,0.23920702839918365,2.538947343826294
5,0.04685375508103023,2.335610866546631
10,0.1877907997021452,1.995894432067871
1,1,3.2504210472106934
2,0.7653157295042045,2.360642671585083
5,0.525075634740328,2.3730504512786865
10,0.4036516692583543,2.3605153560638428
1,1,3.3068740367889404
2,0.24995790608004578,2.5297605991363525
5,0.03996817699651462,2.2909300327301025
10,0.00997204963715041,2.2440435886383057
1,1,3.4130685329437256
2,0.815582279684278,2.38590407371521
5,0.619839957734232,2.085358142852783
10,0.4749961406342662,2.0873427391052246
1,1,3.421201705932617
2,0.6705654110593788,2.53066086769104
5,0.02040775302876847,2.383573293685913
10,0.08179468763535526,2.3007798194885254
1,1,3.3832833766937256
2,0.7229131284885959,2.4007272720336914
5,0.3850084136465439,2.1259918212890625
10,0.23574021690529243,2.324512481689453
1,1,3.1950366497039795
2,0.2502686099074304,2.4643356800079346
5,0.03995108557121147,2.3473334312438965
10,0.00996679884747797,2.1980206966400146
1,1,3.437333583831787
2,0.7881511005573457,2.599155902862549
5,0.5230903603078092,2.45270037651062
10,0.227925746969701,2.2871756553649902
1,1,3.3464713096618652
2,0.7034981227721708,2.4969186782836914
5,0.326198238823522,2.2086780071258545
10,0.1462861204408021,2.3655495643615723
1,1,3.217430830001831
2,0.24995790608004578,2.427276372909546
5,0.03996817699651462,2.321563959121704
10,0.00997204963715041,2.1911847591400146
1,1,3.2894484996795654
2,0.24995790608004578,2.6388306617736816
5,0.03996817699651462,2.3920834064483643
10,0.00997204963715041,2.3178563117980957
1,1,3.39237117767334
2,0.24995790608004578,2.509707450866699
5,0.03996817699651462,2.1883552074432373
10,6.92503447024334e-5,2.4025754928588867
1,1,3.4542417526245117
2,0.7539466593772293,2.220222234725952
5,0.5082975792075829,1.9695985317230225
10,0.02006408304140567,2.3822457790374756
1,1,2.8816416263580322
2,0.24995790608004578,2.2227096557617188
5,0.03996817699651462,2.026419162750244
10,0.00997204963715041,1.9884843826293945
1,1,2.680418014526367
2,0.7065744746105104,2.1638360023498535
5,0.39036965222815556,2.0586678981781006
10,0.23591574681836977,2.2562055587768555
1,1,2.9277076721191406
2,0.24995790608004578,2.2930455207824707
5,0.03996817699651462,2.3736517429351807
10,0.00997204963715041,2.297243595123291
1,1,3.4258809089660645
2,0.46023995405214785,2.483309745788574
5,0.21568883804543226,1.9043614864349365
10,0.8644852331115995,2.0341267585754395
1,1,3.002206802368164
2,0.24995790608004578,2.123546600341797
5,0.03996817699651462,1.940894365310669
10,0.00997204963715041,2.346656322479248
1,1,3.219022274017334
2,0.5720313271908453,2.1778390407562256
5,0.1788260032339897,2.1972758769989014
10,0.07886718080675721,1.9062881469726562
1,1,3.4993724822998047
2,0.7692588521921208,2.5189173221588135
5,0.3346220787649878,2.252763509750366
10,0.1617062268403028,2.2112958431243896
1,1,2.7800190448760986
2,0.24995790608004578,2.2952756881713867
5,0.03996817699651462,2.451463460922241
10,0.00997204963715041,2.0166475772857666
1,1,3.3320324420928955
2,0.24995790608004578,2.363640069961548
5,0.03996817699651462,2.3784193992614746
10,0.00997204963715041,2.425021171569824
1,1,3.452876091003418
2,0.5629761886857344,2.5106985569000244
5,0.24880706957793802,2.2994983196258545
10,0.15866880223590332,2.2500159740448
1,1,3.4417357444763184
2,0.24995790608004578,2.382795572280884
5,0.03996817699651462,2.148784637451172
10,0.00997204963715041,2.172056198120117
1,1,3.5698468685150146
2,0.7751451977151421,2.6338441371917725
5,0.19375377756643727,2.4338576793670654
10,0.029721484007393464,2.3102612495422363
1,1,3.4286751747131348
2,0.24995790608004578,2.523280382156372
5,0.03996817699651462,2.301424503326416
10,0.00997204963715041,2.3088903427124023
1,1,3.4116623401641846
2,0.24995790608004578,2.5687310695648193
5,0.03996817699651462,2.4100840091705322
10,0.00997204963715041,2.3416409492492676
1,1,3.3712499141693115
2,0.8320894533525586,2.5110154151916504
5,0.016591449080417868,2.365499258041382
10,0.06649886408550766,2.3152401447296143
1,1,3.2796528339385986
2,0.7340276152729028,2.496819019317627
5,0.46985338064988824,2.3198254108428955
10,0.33693166351493614,2.3847227096557617
1,1,3.4479119777679443
2,0.24995790608004578,2.502423048019409
5,0.03996817699651462,2.3682749271392822
10,0.00997204963715041,2.2695422172546387
1,1,3.5221424102783203
2,0.9016042247663997,2.5447916984558105
5,0.7085410530854314,2.452303647994995
10,0.4817058540950671,2.1795425415039062
1,1,3.5210986137390137
2,0.6389901358437261,2.527677536010742
5,0.09436930679732619,2.18390154838562
10,0.03746405388542695,2.298635959625244
1,1,3.460387945175171
2,0.6250237424478339,2.6227545738220215
5,0.30358273624625376,2.328476667404175
10,0.11397300127743135,2.293243885040283
1,1,3.3578336238861084
2,0.24995790608004578,2.5916640758514404
5,0.03996817699651462,2.406757116317749
10,0.00997204963715041,2.3709819316864014
1,1,3.330293893814087
2,0.7448796032640944,2.5554139614105225
5,0.49509793624861365,2.0066981315612793
10,0.359605838814093,2.0815646648406982
1,1,3.361781597137451
2,0.24995790608004578,2.5206451416015625
5,0.03996817699651462,2.391507625579834
10,0.00997204963715041,2.427767038345337
1,1,3.0200982093811035
2,0.8155214874727176,2.573578119277954
5,0.6048793857236008,2.178892135620117
10,0.4552072170410349,2.3066787719726562
1,1,3.1674344539642334
2,0.24995790608004578,2.466517210006714
5,0.03996817699651462,2.215167999267578
10,0.00997204963715041,2.2521748542785645
1,1,2.9964940547943115
2,0.7744550560593301,2.323512315750122
5,0.5016280357871843,2.1763837337493896
10,0.36512524988998696,2.3322336673736572
1,1,3.518202781677246
2,0.24995790608004578,2.3176074028015137
5,0.03996817699651462,2.060115098953247
10,0.00997204963715041,1.991567611694336
1,1,3.1111953258514404
2,0.24995790608004578,2.571847915649414
5,0.03996817699651462,2.4031598567962646
10,0.00997204963715041,2.350334644317627
1,1,3.1980173587799072
2,0.2499758711807992,2.4542577266693115
5,0.0399664544200084,2.2839887142181396
10,0.009942377771227492,2.3610663414001465
1,1,2.8241500854492188
2,0.7573878287252286,2.414398670196533
5,0.46595791838391476,2.3783862590789795
10,0.4389130383425075,2.272695541381836
1,1,3.446683168411255
2,0.24995790608004578,2.552828311920166
5,0.03996817699651462,2.327942132949829
10,0.00997204963715041,2.3758862018585205
1,1,3.45588755607605
2,0.25004781533388293,2.6023476123809814
5,0.0399615278922781,2.3233771324157715
10,0.009975267930750207,2.2835023403167725
1,1,3.36277174949646
2,0.6456219439544449,2.552694320678711
5,0.25834139158195596,2.2840042114257812
10,0.15873785032566098,2.381875991821289
1,1,3.5875771045684814
2,0.005168828961420986,2.580798625946045
5,0.03232545893187357,2.353393077850342
10,0.1295610943681467,2.3814432621002197
1,1,3.5391736030578613
2,0.24995790608004578,2.584341526031494
5,0.03996817699651462,2.173372268676758
10,0.00997204963715041,1.929079532623291
1,1,3.4432644844055176
2,0.5802594248286778,2.4308276176452637
5,0.09623040466642362,2.3036417961120605
10,0.3856934116959444,2.422420024871826
1,1,2.9564919471740723
2,0.8318460569546097,2.5342469215393066
5,0.017362876622671854,2.324838638305664
10,0.06959076130530573,2.2840282917022705
1,1,2.973335027694702
2,0.24995790608004578,2.2606418132781982
5,0.03996817699651462,2.040327787399292
10,0.00997204963715041,2.0903775691986084
1,1,3.502336025238037
2,0.6898676029119188,2.515024423599243
5,0.3617332614870725,2.352346658706665
10,0.24590496315378874,2.419539451599121
1,1,3.4068095684051514
2,0.7445611166231333,2.5161736011505127
5,0.38235767959464334,2.257603168487549
10,0.14789235520070157,2.3157784938812256
1,1,3.4952454566955566
2,0.24995790608004578,2.301020622253418
5,0.03996817699651462,2.1737077236175537
10,0.00997204963715041,2.0166420936584473
1,1,3.4435555934906006
2,0.7237387092934302,2.662687063217163
5,0.023166578901176058,2.4165401458740234
10,0.09285211763050513,2.3742499351501465
1,1,3.4388558864593506
2,0.24995790608004578,2.4708733558654785
5,0.03996817699651462,2.2652127742767334
10,0.00997204963715041,2.016727924346924
1,1,3.449230909347534
2,0.24995790608004578,2.567272186279297
5,0.03996817699651462,2.3379249572753906
10,0.00997204963715041,2.3807523250579834
1,1,3.3352842330932617
2,0.24995790608004578,2.483898162841797
5,0.03996817699651462,2.3557348251342773
10,0.00997204963715041,1.9342832565307617
1,1,3.389906167984009
2,0.2499547215485672,2.6122372150421143
5,0.039930072401348195,2.3676674365997314
10,0.009952424495421355,2.318222999572754
1,1,2.9352071285247803
2,0.24995790608004578,2.131293773651123
5,0.03996817699651462,1.9724211692810059
10,0.00997204963715041,2.103747844696045
1,1,3.43772292137146
2,0.826132062467948,2.5701847076416016
5,0.03207680155547454,2.423192024230957
10,0.12856447056531478,2.2698423862457275
1,1,3.309560537338257
2,0.8563074072806731,2.485255718231201
5,0.5555785859986718,2.30086088180542
10,0.3530105571551246,2.332946538925171
1,1,3.329425811767578
2,0.24995790608004578,2.513669967651367
5,0.03996817699651462,2.412118434906006
10,0.00997204963715041,2.2762632369995117
1,1,3.0925631523132324
2,0.8154133892387433,2.2069613933563232
5,0.5735386155291815,2.093127489089966
10,0.38224955499909025,2.118425130844116
1,1,3.418194532394409
2,0.4466618244923659,2.6166231632232666
5,0.18888514103428994,2.3617188930511475
10,0.12057114561281859,2.325197458267212
1,1,3.4711403846740723
2,0.24995790608004578,2.528587579727173
5,0.03996817699651462,2.2969963550567627
10,0.00997204963715041,2.2719273567199707
1,1,3.6303606033325195
2,0.8812627940560428,2.592517614364624
5,0.6759623592544737,2.3757777214050293
10,0.49722903595590956,2.4412577152252197
1,1,3.01977276802063
2,0.02041160008234614,2.1479544639587402
5,0.12765257761872523,1.9754133224487305
10,0.5116341175558446,2.070591449737549
1,1,3.5082411766052246
2,0.5117182090744952,2.49044132232666
5,0.020609477111425162,2.387188196182251
10,0.0826032018459189,2.350531816482544
1,1,3.3874166011810303
2,0.6446661199289718,2.5935685634613037
5,0.400757579554106,2.411797285079956
10,0.32201669653247544,2.3565266132354736
1,1,3.0370945930480957
2,0.845796920283699,2.2197182178497314
5,0.6260638828995846,1.946596622467041
10,0.4690276581349919,1.9745151996612549
1,1,3.3416051864624023
2,0.24995790608004578,2.597677707672119
5,0.03996817699651462,2.385359048843384
10,0.00997204963715041,2.42496395111084
1,1,3.3944084644317627
2,0.8178269416731653,2.561427593231201
5,0.6018286247286898,2.318361759185791
10,0.4623388356531807,2.4639811515808105
1,1,3.219013214111328
2,0.7908802461806126,2.5000431537628174
5,0.6043941385497583,2.4934144020080566
10,0.5385577801190016,2.260498046875
1,1,3.0811047554016113
2,0.24995790608004578,2.1593809127807617
5,0.03996817699651462,2.4768989086151123
10,0.00997204963715041,2.338095188140869
1,1,3.247974157333374
2,0.8774618352267161,2.499706268310547
5,0.5695465222003334,2.351414918899536
10,0.029818699685086394,2.368032693862915
1,1,3.403517961502075
2,0.8279855638901518,2.549574136734009
5,0.033719548804946285,2.2990357875823975
10,0.13514863482607214,2.284517526626587
1,1,3.00657320022583
2,0.24995790608004578,2.1698734760284424
5,0.03996817699651462,2.137331247329712
10,0.00997204963715041,2.005328893661499
1,1,3.3855972290039062
2,0.6108377118382908,2.5601718425750732
5,0.3912054392852574,2.3765552043914795
10,0.25757199860629526,2.338528633117676
1,1,2.981520414352417
2,0.7037462205963801,2.251185655593872
5,0.41669863244308986,2.307507276535034
10,0.18275819272110877,2.372929811477661
1,1,3.4818201065063477
2,0.679824220004501,2.5974490642547607
5,0.4214984258974881,2.4768385887145996
10,0.32959140594643743,2.416562080383301
1,1,3.421340227127075
2,0.6310797662312848,2.520970106124878
5,0.3257334280492121,2.3051064014434814
10,0.23136589985474873,2.267362117767334
1,1,3.3174145221710205
2,0.24995790608004578,2.591843843460083
5,0.03996817699651462,2.282965898513794
10,0.00997204963715041,2.306100845336914
1,1,2.465456247329712
2,0.7836006097660566,2.0767626762390137
5,0.31056315375071636,2.0661368370056152
10,0.11986191871355589,2.010547161102295
1,1,3.409958600997925
2,0.7252909186649952,2.6101772785186768
5,0.28076692716789703,2.1469428539276123
10,0.17596611991296993,2.0432560443878174
1,1,3.4240787029266357
2,0.24995790608004578,2.2249953746795654
5,0.03996817699651462,2.0325660705566406
10,0.00997204963715041,1.5786936283111572
1,1,3.453812837600708
2,0.7797429019855516,2.516021490097046
5,0.4882811771002772,2.173604965209961
10,0.2078208663876724,1.8276126384735107
1,1,2.9226014614105225
2,0.24995790608004578,2.1921114921569824
5,0.03996817699651462,2.0169219970703125
10,0.00997204963715041,2.017615556716919
1,1,3.5624594688415527
2,0.6568200819172688,2.546205759048462
5,0.3263862823038456,2.3337972164154053
10,0.11710539706635924,2.3216447830200195
1,1,3.115208148956299
2,4.5193920307909496e-5,2.568923234939575
5,2.5310273260798558e-5,2.428374767303467
10,1.3965397511056233e-5,2.4153969287872314
1,1,3.3057892322540283
2,0.0010789303171898172,2.4184176921844482
5,0.006747547252769726,2.2710049152374268
10,0.027044306105972367,2.372852087020874
1,1,3.3444793224334717
2,0.6584832468666085,2.5037481784820557
5,0.2132306263707415,2.376727819442749
10,0.07916434015839614,2.3605153560638428
1,1,2.9575207233428955
2,0.8124853218089492,2.2437424659729004
5,0.48002651221366616,1.7477505207061768
10,0.3077579262698329,1.8456215858459473
1,1,3.5021679401397705
2,0.763573721689984,2.5898499488830566
5,0.3363717042563814,2.432929754257202
10,0.00881972621292397,2.363640308380127
1,1,3.489678382873535
2,0.7407309440208496,2.599440813064575
5,0.4951757090726668,2.4597628116607666
10,0.32996623650848184,2.3092916011810303
1,1,3.4340498447418213
2,0.7395789760913586,2.533963441848755
5,0.45864556624136227,2.358069896697998
10,0.3043370767756684,2.147782564163208
1,1,3.397521495819092
2,0.8554215136421216,2.564619302749634
5,0.628402352197789,2.309993267059326
10,0.38054143188201117,2.2702348232269287
1,1,2.9718873500823975
2,0.5556656988914909,1.9749932289123535
5,0.25922720712780345,1.7628097534179688
10,0.13906893580578095,1.5075886249542236
1,1,3.4543471336364746
2,0.39672218120961394,2.5837795734405518
5,0.14462372955647482,2.1889727115631104
10,0.5796548383869685,2.0400123596191406
1,1,3.374389410018921
2,0.24995790608004578,2.4812262058258057
5,0.03996817699651462,1.808014154434204
10,0.00997204963715041,1.7559044361114502
1,1,3.266233205795288
2,0.24995790608004578,1.7692925930023193
5,0.03996817699651462,1.3719112873077393
10,0.00997204963715041,0.881385326385498
1,1,3.286289691925049
2,0.24995790608004578,2.1896018981933594
5,0.03996817699651462,1.7618448734283447
10,4.070224341694045e-5,1.109151840209961
1,1,3.289064645767212
2,0.7947080627944756,2.207587242126465
5,0.6105150668399505,1.6530051231384277
10,0.4681422407923428,1.0945160388946533
1,1,3.0060665607452393
2,0.24995790608004578,2.115443706512451
5,0.03996817699651462,1.779423475265503
10,0.00997204963715041,1.5802922248840332
1,1,2.6406362056732178
2,0.24995790608004578,1.5619490146636963
5,0.03996817699651462,0.9318709373474121
10,0.00997204963715041,0.700843334197998
1,1,1.735029697418213
2,0.24995790608004578,0.8098855018615723
5,0.03996817699651462,0.661158561706543
10,4.2434253775108126e-5,0.6484076976776123
1,1,1.940770149230957
2,0.30179922447834157,0.8318581581115723
5,0.07713702642128892,0.7050111293792725
10,0.03963250496816188,0.6572048664093018
1,1,2.9545845985412598
2,0.24995790608004578,2.4025537967681885
5,0.03996817699651462,1.9570677280426025
10,0.00997204963715041,1.8710911273956299
1,1,3.2436227798461914
2,0.24995790608004578,1.9569804668426514
5,0.03996817699651462,1.5301659107208252
10,0.00997204963715041,1.1603741645812988
1,1,3.154923439025879
2,0.79524561538338,1.782486915588379
5,0.43129838758925476,1.4106800556182861
10,0.1162869659299959,0.8532326221466064
1,1,3.4461750984191895
2,0.24995790608004578,2.472285032272339
5,0.03996817699651462,2.0993268489837646
10,0.00997204963715041,1.60377836227417
1,1,3.3327066898345947
2,0.7248833721519777,2.3085856437683105
5,0.4494394497733072,1.6086087226867676
10,0.3156130004810314,1.321265697479248
1,1,2.850269317626953
2,0.8343935008032837,1.2712926864624023
5,0.6743632568128952,0.7178020477294922
10,0.5680049756410339,0.677309513092041
1,1,2.9151556491851807
2,0.24995790608004578,2.2387583255767822
5,0.03996817699651462,1.9974467754364014
10,0.00997204963715041,1.9650568962097168
1,1,3.1258256435394287
2,0.24965291219494753,2.5438432693481445
5,0.03967295233742065,2.42356014251709
10,0.009850608433650649,2.315243721008301
1,1,2.8499550819396973
2,0.24995790608004578,1.976097583770752
5,0.03996817699651462,1.832897663116455
10,0.00997204963715041,1.5932772159576416
1,1,3.4807145595550537
2,0.804309225759849,2.3305768966674805
5,0.5776077856486997,1.6423039436340332
10,0.4144563374618968,1.4482905864715576
